<?xml version="1.0" encoding="UTF-8" ?>
<rss version="2.0">

<channel>
  <title> RSS Feed | S.S.S </title>
  <link>https://ssscriptties.000webhostapp.com/rss.xml</link>
  <description></description>
  <item>
    <title>S.S.S 2023 Updates</title>
    <link></link>
    <description>
      1- Updates in site design, no longer a static site, the site now uses: HTML, JavaScript, Json, Manifest, CSS, MySQL, Bootstrap, jQuery, Solidity, react/next.js and of course rss, xml/xsl.

      2- Focus on anonymity by: not using real emails and usernames/passwords that don't match any other accounts, recommending using tor browser, tor emails, tor file sharing, and overall tor services, also using PGP Encryption for all major text on the site and soon full migration as a tor secret service and deletion of owner's online presence.
    </description>
    <author>s.s.scriptties(Head-Admin)</author>
    <pubDate>Friday, Feb 24, 2023</pubDate>
  </item>
</channel>

</rss>